movietitle,release_date,genre,MPAA_rating,total_gross,inflation_adjusted_gross
Snow White and the Seven Dwarfs,21-Dec-37,Musical,G,184925485,5228953251
Pinocchio,9-Feb-40,Adventure,G,84300000,2188229052
Fantasia,13-Nov-40,Musical,G,83320000,2187090808
Song of the South,12-Nov-46,Adventure,G,65000000,1078510579
Cinderella,15-Feb-50,Drama,G,85000000,920608730
"20,000 Leagues Under the Sea",23-Dec-54,Adventure,,28200000,528279994
Lady and the Tramp,22-Jun-55,Drama,G,93600000,1236035515
Sleeping Beauty,29-Jan-59,Drama,,9464608,21505832
101 Dalmatians,25-Jan-61,Comedy,G,153000000,1362870985
The Absent Minded Professor,16-Mar-61,Comedy,,25381407,310094574
Babes in Toyland,14-Dec-61,Musical,G,10218316,124841160
Bon Voyage!,17-May-62,Comedy,Not Rated,9230769,109581646
The Sword in the Stone,25-Dec-63,Adventure,,22182353,153870834
The Jungle Book,18-Oct-67,Musical,Not Rated,141843000,789612346
Blackbeard's Ghost,8-Feb-68,Comedy,,21540050,138612686
The Aristocats,24-Apr-70,Musical,G,55675257,255161499
The Boatniks,1-Jul-70,Comedy,,18607492,101200742
Bedknobs and Broomsticks,7-Oct-71,Musical,,17871174,91305448
The Apple Dumpling Gang,1-Jul-75,Comedy,,31916500,131246872
Freaky Friday,21-Jan-77,Comedy,,25942000,98067733
The Many Adventures of Winnie the Pooh,11-Mar-77,,,0,0
The Rescuers,22-Jun-77,Adventure,,48775599,159743914
Herbie Goes to Monte Carlo,24-Jun-77,,,28000000,105847527
The Black Hole,21-Dec-79,,,35841901,120377374
Midnight Madness,8-Feb-80,,,2900000,9088096
The Last Flight of Noah’s Ark,25-Jun-80,,,11000000,34472116
The Devil and Max Devlin,1-Jan-81,,,16000000,48517980
Amy,20-Mar-81,Drama,,0,0
The Fox and the Hound,10-Jul-81,Comedy,,43899231,133118889
Condorman,7-Aug-81,Action,,0,0
Night Crossing,5-Feb-82,Drama,,4500000,12903059
Tron,9-Jul-82,Action,,26918576,77184895
Tex,19-Nov-82,Drama,,7199408,20643199
Trenchcoat,11-Mar-83,Comedy,,4304286,11519089
Something Wicked This Way Comes,29-Apr-83,Horror,,5656087,15136765
Never Cry Wolf,7-Oct-83,Drama,,27668764,70669955
Running Brave,4-Nov-83,Drama,,1204595,3223725
Splash,9-Mar-84,Comedy,PG,62599495,157057661
Country,29-Sep-84,Drama,,8400000,21075000
Baby: Secret of the Lost Legend,22-Mar-85,Adventure,,14276095,33900697
Return to Oz,21-Jun-85,Adventure,,10618813,25215934
The Black Cauldron,24-Jul-85,Adventure,,21288692,50553142
My Science Project,9-Aug-85,Comedy,,4100000,9736051
The Journey of Natty Gann,27-Sep-85,Drama,,9468512,22302956
One Magic Christmas,22-Nov-85,Drama,,13229514,31415432
Down and Out in Beverly Hills,31-Jan-86,Comedy,R,62134225,141183693
Off Beat,11-Apr-86,Comedy,,4842778,11003932
Ruthless People,27-Jun-86,Comedy,R,71624879,162748712
The Great Mouse Detective,2-Jul-86,Adventure,,23605534,53637367
Flight of the Navigator,30-Jul-86,Adventure,,18564613,42183197
Tough Guys,3-Oct-86,Comedy,,21458229,48758184
The Color of Money,17-Oct-86,Drama,R,52293000,117957323
Outrageous Fortune,30-Jan-87,Comedy,R,52864741,113976921
Tin Men,6-Mar-87,Comedy,,25411386,54787202
Ernest Goes to Camp,22-May-87,Comedy,,23509382,50686462
Benji the Hunted,5-Jun-87,Adventure,,15212539,32798382
Adventures in Babysitting,3-Jul-87,Comedy,,33790923,72853569
Stakeout,5-Aug-87,Comedy,R,65673233,141592160
Can't Buy Me Love,14-Aug-87,Romantic Comedy,,31623833,68181300
Hello Again,6-Nov-87,Comedy,,20419446,44024529
3 Men and a Baby,25-Nov-87,Comedy,PG,167780960,353334607
Good Morning Vietnam,23-Dec-87,Comedy,R,123922370,254414837
Shoot to Kill,12-Feb-88,Action,,29300000,60097074
D.O.A.,18-Mar-88,Thriller/Suspense,,12706478,26062188
Return to Snowy River,15-Apr-88,Adventure,PG,13687027,28073384
Big Business,10-Jun-88,Comedy,PG,40150487,82352451
Who Framed Roger Rabbit?,22-Jun-88,Comedy,PG,154112492,316250084
Cocktail,29-Jul-88,Drama,R,78222753,160442289
The Rescue,5-Aug-88,Action,,5855392,12009960
Heartbreak Hotel,30-Sep-88,Comedy,,5509417,11300331
The Good Mother,4-Nov-88,Drama,,4764606,9772655
Ernest Saves Christmas,11-Nov-88,Comedy,PG,28202109,57845202
Oliver & Company,18-Nov-88,Adventure,G,49576671,102254492
Beaches,21-Dec-88,Drama,PG-13,57041866,120381757
Three Fugitives,27-Jan-89,Comedy,PG-13,40590000,85757817
New York Stories,1-Mar-89,Drama,PG,10763469,22740861
Disorganized Crime,14-Apr-89,Comedy,,7210149,15233465
Dead Poets Society,2-Jun-89,Drama,PG,95860116,202531517
"Honey, I Shrunk the Kids",23-Jun-89,Adventure,PG,130724172,276191669
Turner & Hooch,28-Jul-89,Comedy,PG,71079915,150176361
Cheetah,18-Aug-89,Adventure,,7882250,16653473
An Innocent Man,6-Oct-89,Drama,R,19397847,40983414
Gross Anatomy,20-Oct-89,Drama,PG-13,11346186,23972012
The Little Mermaid,15-Nov-89,Adventure,G,111543479,223726012
Blaze,13-Dec-89,Drama,R,19049727,39884640
Stella,2-Feb-90,Drama,PG-13,20062347,40077147
Where the Heart Is,23-Feb-90,Comedy,,1106475,2210321
Pretty Woman,23-Mar-90,Romantic Comedy,R,178406268,356389765
Ernest Goes to Jail,6-Apr-90,Comedy,PG,25029569,49999822
Spaced Invaders,27-Apr-90,Comedy,PG,15000000,29964452
Fire Birds,24-May-90,Action,PG-13,14760451,29485923
Dick Tracy,15-Jun-90,Action,PG,103738726,207231621
Betsy's Wedding,22-Jun-90,Comedy,R,19740070,39433357
Arachnophobia,18-Jul-90,Thriller/Suspense,PG-13,53208180,106290270
DuckTales: The Movie - Treasure of th…,3-Aug-90,Adventure,G,18075331,36107823
Taking Care of Business,17-Aug-90,Comedy,R,20005435,39963460
Mr. Destiny,12-Oct-90,Comedy,PG-13,15379253,30722056
The Rescuers Down Under,16-Nov-90,Adventure,G,27931461,55796728
3 Men and a Little Lady,21-Nov-90,Comedy,PG,71609321,143108869
Green Card,25-Dec-90,Romantic Comedy,PG-13,29804169,59679131
White Fang,18-Jan-91,Adventure,PG,34729091,69540672
Scenes from a Mall,22-Feb-91,Comedy,,9563393,19149495
Haakon Haakonsen,1-Mar-91,Adventure,PG,15024232,30084149
The Marrying Man,5-Apr-91,Romantic Comedy,R,12454768,24939118
Oscar,26-Apr-91,Comedy,PG,23562716,47181395
One Good Cop,3-May-91,Action,R,11276846,22580472
What About Bob?,17-May-91,Comedy,PG,63710000,127571325
Wild Hearts Can't Be Broken,24-May-91,Drama,,7300000,14617333
The Rocketeer,21-Jun-91,Action,PG,46573027,93256673
The Doctor,24-Jul-91,Drama,PG-13,37497480,75084021
Paradise,18-Sep-91,Drama,PG-13,18634643,37313540
Deceived,27-Sep-91,Thriller/Suspense,PG-13,28738096,57544453
Ernest Scared Stupid,11-Oct-91,Comedy,PG,14143280,28320147
Billy Bathgate,1-Nov-91,Drama,R,15565363,31167691
Beauty and the Beast,13-Nov-91,Musical,G,218951625,363017667
Father of the Bride,20-Dec-91,Comedy,PG,89325780,179821881
The Hand That Rocks the Cradle,10-Jan-92,Thriller/Suspense,R,88036683,178831137
Medicine Man,7-Feb-92,Drama,PG-13,44948240,91304495
Blame it on the Bellboy,6-Mar-92,Comedy,PG-13,2891055,5872667
Noises Off...,20-Mar-92,Comedy,PG-13,2280148,4631720
Straight Talk,3-Apr-92,Comedy,PG,21202099,43068356
Newsies,8-Apr-92,,PG,2706352,5497481
Passed Away,24-Apr-92,,PG-13,4030793,8187848
Encino Man,22-May-92,Comedy,PG,40057130,81369058
Sister Act,29-May-92,Comedy,PG,139605150,283583472
Honey I Blew Up the Kid,17-Jul-92,Comedy,PG,58662452,119162518
A Stranger Among Us,17-Jul-92,Drama,PG-13,12282994,24950752
3 Ninjas,7-Aug-92,Action,PG,29028000,58965304
A Gun in Betty Lou's Handbag,21-Aug-92,,PG-13,3591460,7295423
Captain Ron,18-Sep-92,Comedy,PG-13,22518097,45741576
Sarafina!,18-Sep-92,Drama,PG-13,7306242,14841352
Innocent Blood,25-Sep-92,Horror,R,4877567,9907922
The Mighty Ducks,2-Oct-92,Comedy,PG,50752337,103120810
1492: Conquest of Paradise,9-Oct-92,Adventure,PG-13,7099531,14421454
Consenting Adults,16-Oct-92,Drama,R,21591728,43859823
Aladdin,11-Nov-92,Comedy,G,217350219,441969178
The Distinguished Gentleman,4-Dec-92,Comedy,R,46434570,94349900
The Muppet Christmas Carol,11-Dec-92,Comedy,G,27281507,55417615
Alive,15-Jan-93,Adventure,R,36299670,73914543
Aspen Extreme,22-Jan-93,Romantic Comedy,PG-13,7843388,15970955
Homeward Bound: The Incredible Journey,3-Feb-93,Adventure,G,41833324,85182343
The Cemetery Club,3-Feb-93,Comedy,PG-13,5583621,11369541
Swing Kids,5-Mar-93,Musical,PG-13,5632086,11468231
A Far Off Place,12-Mar-93,Adventure,PG,12890752,26248558
Born Yesterday,26-Mar-93,Romantic Comedy,PG,17760754,36165012
The Adventures of Huck Finn,2-Apr-93,Adventure,PG,24103594,49080505
Bound by Honor,16-Apr-93,,R,4496583,9156084
Indian Summer,23-Apr-93,Comedy,R,14717851,29968953
Super Mario Bros.,28-May-93,Action,PG,20844907,42445058
Guilty as Sin,4-Jun-93,Thriller/Suspense,R,22622537,46064723
Life With Mikey,4-Jun-93,Comedy,PG,12349549,25146538
What's Love Got to Do With It,9-Jun-93,Drama,R,39100956,79618610
Son in Law,2-Jul-93,Comedy,PG-13,25989889,52921433
Hocus Pocus,16-Jul-93,Comedy,PG,39360491,80147079
Another Stakeout,23-Jul-93,Comedy,PG-13,20107504,40943541
My Boyfriend's Back,6-Aug-93,,PG-13,3218882,6554384
Father Hood,27-Aug-93,,PG-13,3268203,6654819
The Joy Luck Club,8-Sep-93,Drama,R,32790064,66768171
Money for Nothing,10-Sep-93,Comedy,R,1044824,2127496
The Program,24-Sep-93,Action,R,23042200,46919256
Cool Runnings,1-Oct-93,Comedy,PG,68856263,140392731
The Nightmare Before Christmas,13-Oct-93,Musical,PG,50408318,100026637
The Three Musketeers,12-Nov-93,Adventure,PG,53661805,109310377
Sister Act 2 Back in the Habit,10-Dec-93,Comedy,PG,57319029,116965668
Tombstone,25-Dec-93,Western,R,56505065,115781734
The Air Up There,7-Jan-94,Comedy,PG,20782439,42940186
Cabin Boy,7-Jan-94,Comedy,PG-13,3469493,7168577
Iron Will,14-Jan-94,Drama,PG,20623071,42610902
Red Rock West,28-Jan-94,,R,2502551,5170709
Blank Check,11-Feb-94,Comedy,PG,30573770,63170804
Angie,4-Mar-94,Comedy,R,9252349,19116981
The Ref,9-Mar-94,Comedy,R,11325885,23401275
D2: The Mighty Ducks,25-Mar-94,Comedy,PG,45604206,94226333
Holy Matrimony,8-Apr-94,Comedy,,713234,1473665
White Fang 2: Myth of the White Wolf,15-Apr-94,Adventure,PG,8752399,18083994
The Inkwell,22-Apr-94,Comedy,R,8864699,18316030
When a Man Loves a Woman,29-Apr-94,Drama,R,50021959,103354194
3 Ninjas Kick Back,6-May-94,Action,PG,11744960,24267154
Renaissance Man,3-Jun-94,Comedy,PG-13,24172899,49945474
The Lion King,15-Jun-94,Adventure,G,422780140,761640898
I Love Trouble,29-Jun-94,Romantic Comedy,PG,30806194,63651027
Angels in the Outfield,15-Jul-94,Comedy,PG,50236831,103798152
In the Army Now,12-Aug-94,Comedy,PG,28881266,59673787
Color of Night,19-Aug-94,Thriller/Suspense,R,19750470,40804816
Camp Nowhere,26-Aug-94,Comedy,PG,10442641,21576332
It's Pat,26-Aug-94,Comedy,,60822,125666
A Simple Twist of Fate,2-Sep-94,Drama,PG-13,3404935,7035189
Quiz Show,14-Sep-94,Drama,PG-13,24787282,50840394
Terminal Velocity,23-Sep-94,Action,PG-13,16478900,34048315
Ed Wood,30-Sep-94,Comedy,R,5828466,12042634
The Puppet Masters,21-Oct-94,Horror,R,8579626,17727017
Squanto: A Warrior's Tale,28-Oct-94,Drama,PG,3319344,6858345
The Santa Clause,11-Nov-94,Comedy,PG,144833357,298369717
A Low Down Dirty Shame,23-Nov-94,Action,R,29317886,60321919
The Jungle Book,25-Dec-94,Adventure,PG,44342956,88930321
Houseguest,6-Jan-95,Comedy,PG,26325256,51016522
Bad Company,20-Jan-95,Thriller/Suspense,R,3523909,6829092
Miami Rhapsody,27-Jan-95,Romantic Comedy,PG-13,5086578,9857435
The Jerky Boys,3-Feb-95,Comedy,R,7555256,14641561
Heavy Weights,17-Feb-95,Comedy,PG,17671310,34245779
Man of the House,3-Mar-95,Comedy,PG,40029009,77573459
Roommates,3-Mar-95,Comedy,PG,12076989,23404369
Tall Tale,24-Mar-95,Western,PG,8247627,15983331
A Pyromaniac's Love Story,28-Mar-95,Romantic Comedy,PG,468240,907414
Jefferson in Paris,31-Mar-95,Drama,PG-13,2461628,4770461
Funny Bones,31-Mar-95,Comedy,R,529135,1025425
A Goofy Movie,7-Apr-95,Comedy,G,35336439,68479579
While You Were Sleeping,21-Apr-95,Romantic Comedy,PG,81057016,157082900
Crimson Tide,12-May-95,Action,R,91387195,177102077
Mad Love,26-May-95,Drama,PG-13,15446532,29934306
Pocahontas,10-Jun-95,Adventure,G,141579773,274370957
Judge Dredd,30-Jun-95,Action,R,34687912,67222776
Operation Dumbo Drop,28-Jul-95,Adventure,PG,24670346,47809421
Dangerous Minds,11-Aug-95,Drama,R,84919401,164552293
A Kid in King Arthur's Court,11-Aug-95,Adventure,PG,13406717,25981285
The Tie That Binds,8-Sep-95,Thriller/Suspense,R,5762795,11167895
Unstrung Heroes,15-Sep-95,Drama,PG,7929000,15365850
The Big Green,29-Sep-95,Comedy,PG,17736619,34372339
Dead Presidents,4-Oct-95,Drama,R,24120194,46741467
The Scarlet Letter,13-Oct-95,Drama,R,10359006,20075033
Feast of July,13-Oct-95,Drama,R,293274,568342
Powder,27-Oct-95,Drama,PG-13,30833914,59727216
Toy Story,22-Nov-95,Adventure,G,191796233,370409631
Father of the Bride Part II,8-Dec-95,Comedy,PG,76578911,147658438
Nixon,20-Dec-95,Drama,R,13668249,26302005
Tom and Huck,22-Dec-95,Adventure,PG,23837227,45911517
Mr. Holland's Opus,29-Dec-95,Drama,PG,82582604,157508868
White Squall,2-Feb-96,Adventure,PG-13,10229300,19509726
Muppet Treasure Island,16-Feb-96,Adventure,G,34327391,65470567
Mr. Wrong,16-Feb-96,Romantic Comedy,PG-13,12805071,24422334
Before and After,23-Feb-96,Drama,PG-13,8642118,16482589
Up Close & Personal,1-Mar-96,Drama,PG-13,51045801,97356578
Homeward Bound II: Lost in San Franc…,8-Mar-96,Adventure,G,32709423,62384706
Two Much,15-Mar-96,Romantic Comedy,PG-13,1078555,2057055
Un indien dans la ville,22-Mar-96,Comedy,PG,1029731,1963937
James and the Giant Peach,12-Apr-96,Adventure,PG,28921264,55159783
Celtic Pride,19-Apr-96,Comedy,PG-13,9240378,17623615
Last Dance,3-May-96,Drama,R,5857534,11171714
Boys,10-May-96,Drama,PG-13,21930418,41826566
Spy Hard,24-May-96,Comedy,PG-13,26936265,51373912
Eddie,31-May-96,Comedy,PG-13,31369401,59828966
The Rock,7-Jun-96,Action,R,134069511,255702705
The Hunchback of Notre Dame,21-Jun-96,Adventure,G,100138851,190988799
Phenomenon,5-Jul-96,Drama,PG,104636382,199559799
Kazaam,17-Jul-96,Comedy,PG,18880508,36009655
Jack,9-Aug-96,Drama,PG-13,58617334,111792852
First Kid,30-Aug-96,Comedy,PG,26465920,50465108
The Rich Man's Wife,13-Sep-96,Thriller/Suspense,R,8538318,16284619
D3: The Mighty Ducks,4-Oct-96,Comedy,PG,22936273,43713554
The Associate,25-Oct-96,Comedy,PG-13,12772657,24333094
Ransom,8-Nov-96,Action,R,136492681,259807820
The War at Home,20-Nov-96,,R,34368,65543
101 Dalmatians,27-Nov-96,Comedy,G,136189294,258728898
The Preacher's Wife,13-Dec-96,Drama,PG,48102795,91076877
Evita,25-Dec-96,Musical,PG,50047179,92077628
Metro,17-Jan-97,Action,R,32017895,58804106
Prefontaine,24-Jan-97,Drama,PG-13,590817,1085093
Shadow Conspiracy,31-Jan-97,Thriller/Suspense,R,2154540,3957025
That Darn Cat,14-Feb-97,Comedy,PG,18301828,33613158
Jungle 2 Jungle,7-Mar-97,Comedy,PG,59925026,110058379
The Sixth Man,28-Mar-97,Comedy,PG-13,14765099,27117599
Grosse Pointe Blank,11-Apr-97,Black Comedy,R,28084357,51579764
Romy and Michele's High School Reunion,25-Apr-97,Comedy,R,29235353,53693680
Gone Fishin',30-May-97,Comedy,PG,19745922,36265379
Con Air,6-Jun-97,Action,R,101117573,185712664
Hercules,13-Jun-97,Adventure,G,99112101,182029412
George Of The Jungle,16-Jul-97,Comedy,PG,105263257,193326632
Nothing To Lose,18-Jul-97,Comedy,R,44480039,81692095
Air Bud,1-Aug-97,Comedy,PG,24646936,45266588
G.I. Jane,22-Aug-97,Drama,R,48169156,88467531
A Thousand Acres,19-Sep-97,Drama,R,7928412,14561324
Washington Square,5-Oct-97,Drama,PG,1775644,3257546
Rocket Man,10-Oct-97,Comedy,PG,15448043,28371890
Playing God,17-Oct-97,Thriller/Suspense,R,4166918,7652965
Flubber,26-Nov-97,Comedy,PG,92993801,170406423
An American Werewolf in Paris,25-Dec-97,Horror,R,26570463,48546161
Mr. Magoo,25-Dec-97,Comedy,PG,21437192,39145784
Kundun,25-Dec-97,Drama,PG-13,5686694,10236836
Deep Rising,30-Jan-98,Action,R,11203026,20136775
Krippendorf's Tribe,27-Feb-98,Comedy,PG-13,7571115,13608633
An Alan Smithee Film: Burn Hollywood …,27-Feb-98,Comedy,R,45779,82277
Meet the Deedles,27-Mar-98,Comedy,PG,4356126,7829877
He Got Game,1-May-98,Drama,R,21567853,38766948
The Horse Whisperer,15-May-98,Drama,PG-13,75383563,135497531
"Six Days, Seven Nights",12-Jun-98,Romantic Comedy,PG-13,74339294,133620516
Mulan,19-Jun-98,Adventure,G,120620254,216807832
Armageddon,1-Jul-98,Adventure,PG-13,201578182,362324957
Jane Austen's Mafia,24-Jul-98,Comedy,PG-13,19843795,35668055
The Parent Trap,29-Jul-98,Comedy,PG,66308518,119185667
Firelight,4-Sep-98,Drama,R,784419,1409943
Simon Birch,11-Sep-98,Drama,PG,18253415,32809442
Holy Man,9-Oct-98,Comedy,PG,12069719,21694605
Beloved,16-Oct-98,Drama,R,22852487,41062682
The Waterboy,6-Nov-98,Comedy,PG-13,161491646,288691833
I'll Be Home For Christmas,13-Nov-98,Comedy,PG,12214338,21941840
A Bug's Life,20-Nov-98,Adventure,G,162798565,288981698
Enemy of the State,20-Nov-98,Action,R,111549836,198472008
Rushmore,11-Dec-98,Black Comedy,R,17105219,28392518
A Civil Action,25-Dec-98,Drama,PG-13,56709981,94139530
Mighty Joe Young,25-Dec-98,Adventure,PG,50632037,87906042
My Favorite Martian,12-Feb-99,Comedy,PG,36850101,61150849
The Other Sister,26-Feb-99,Romantic Comedy,PG-13,27807627,46145331
Doug's 1st Movie,26-Mar-99,Adventure,G,19421271,32228598
Ten Things I Hate About You,31-Mar-99,Romantic Comedy,PG-13,38177966,63354375
Endurance,14-May-99,,PG,229128,380218
Instinct,4-Jun-99,Drama,R,34105207,56595842
Tarzan,16-Jun-99,Adventure,G,171091819,283900254
Summer of Sam,2-Jul-99,Drama,R,19288130,32007656
Inspector Gadget,23-Jul-99,Comedy,PG,97387965,161610341
The Sixth Sense,6-Aug-99,Thriller/Suspense,PG-13,293506292,485424724
The 13th Warrior,27-Aug-99,Action,R,32698899,54262148
Breakfast of Champions,17-Sep-99,Comedy,R,178287,295851
Mumford,24-Sep-99,Comedy,R,4559569,7566363
"Mystery, Alaska",1-Oct-99,Comedy,R,8891623,14755189
The Straight Story,15-Oct-99,Drama,G,6197866,10111144
The Insider,5-Nov-99,Drama,R,28965197,47794214
Toy Story 2,19-Nov-99,Adventure,G,245852179,404450426
Cradle Will Rock,8-Dec-99,Drama,R,2899970,4609153
Deuce Bigalow: Male Gigolo,10-Dec-99,Comedy,R,65535067,106921374
Bicentennial Man,17-Dec-99,Drama,PG,58220776,94838225
Play it to the Bone,24-Dec-99,Comedy,R,8427204,13180524
Fantasia 2000 (IMAX),1-Jan-00,Musical,G,60507228,94852354
Gun Shy,4-Feb-00,Comedy,R,1638202,2562155
The Tigger Movie,11-Feb-00,Adventure,G,45542421,71228678
Mission to Mars,10-Mar-00,Adventure,PG,60874615,95208344
High Fidelity,31-Mar-00,Comedy,R,27277055,42661516
Keeping the Faith,14-Apr-00,Romantic Comedy,PG-13,37036404,57925202
Dinosaur,19-May-00,Adventure,PG,137748063,215438985
Shanghai Noon,26-May-00,Western,PG-13,56932305,89042541
Gone in 60 Seconds,9-Jun-00,Action,PG-13,101643008,158970411
Fantasia 2000 (Theatrical Release),16-Jun-00,Musical,G,9103630,14238144
The Kid,7-Jul-00,Comedy,PG,69688384,108993148
Coyote Ugly,4-Aug-00,Drama,PG-13,60786269,95070168
The Crew,25-Aug-00,Comedy,PG-13,13019253,20362201
Duets,15-Sep-00,Drama,R,4734235,7404372
Remember the Titans,29-Sep-00,Drama,PG,115654751,180742479
Unbreakable,22-Nov-00,Thriller/Suspense,PG-13,94999143,148208901
102 Dalmatians,22-Nov-00,Comedy,G,66941559,104055039
The Emperor's New Groove,15-Dec-00,Adventure,G,89296573,136789252
"O Brother, Where Art Thou?",22-Dec-00,Comedy,PG-13,45506619,67922002
Double Take,12-Jan-01,Action,PG-13,29823162,44418589
Recess: School's Out,16-Feb-01,Comedy,G,36696761,54656124
Just Visiting,6-Apr-01,Comedy,PG-13,4777007,7114869
Pearl Harbor,25-May-01,Action,PG-13,198539855,295705112
Atlantis: The Lost Empire,8-Jun-01,Adventure,PG,84052762,125188122
crazy/beautiful,29-Jun-01,Drama,PG-13,16929123,25214223
The Princess Diaries,3-Aug-01,Comedy,G,108244774,161218928
Bubble Boy,24-Aug-01,Comedy,PG-13,5002310,7450434
Max Keeble's Big Move,5-Oct-01,Comedy,PG,17292381,25749730
Corky Romano,12-Oct-01,Comedy,PG-13,23978402,35705805
High Heels and Low Lifes,26-Oct-01,,R,226792,337782
"Monsters, Inc.",2-Nov-01,Adventure,G,289423425,416073179
Out Cold,21-Nov-01,Comedy,PG-13,13906394,20700691
The Royal Tenenbaums,14-Dec-01,Black Comedy,R,52353636,76758193
Beauty and the Beast (IMAX),1-Jan-02,Musical,G,25487028,36980311
Frank McKlusky C.I.,1-Jan-02,,,0,0
Snow Dogs,18-Jan-02,Comedy,PG,81150692,117745317
The Count of Monte Cristo,25-Jan-02,Drama,PG-13,54228104,78682079
Peter Pan: Return to Neverland,15-Feb-02,Adventure,G,48430258,70269715
Reign of Fire,19-Feb-02,Action,PG-13,43061982,62480631
Sorority Boys,22-Mar-02,Comedy,R,10198766,14797862
The Rookie,29-Mar-02,Drama,G,75600072,109691666
Big Trouble,5-Apr-02,Comedy,PG-13,7262288,10537188
ESPN's Ultimate X - The Movie,10-May-02,Documentary,PG,4197175,6089874
Bad Company,7-Jun-02,Action,PG-13,30157016,43756218
Lilo & Stitch,21-Jun-02,Adventure,PG,145771527,211506702
The Country Bears,26-Jul-02,Adventure,G,16988996,24650121
Signs,2-Aug-02,Thriller/Suspense,PG-13,227965690,330754439
Sen to Chihiro no Kamikakushi,20-Sep-02,Adventure,PG,10049886,14338992
Sweet Home Alabama,27-Sep-02,Comedy,PG-13,127214072,184521151
Moonlight Mile,27-Sep-02,Drama,PG-13,6830957,9909094
Tuck Everlasting,11-Oct-02,Drama,PG,19161999,27789959
The Santa Clause 2,1-Nov-02,Comedy,G,139225854,201959095
Treasure Planet,27-Nov-02,Adventure,PG,38120554,55189145
The Hot Chick,13-Dec-02,Comedy,PG-13,35081550,50624654
25th Hour,19-Dec-02,Drama,R,13084595,18325463
The Recruit,31-Jan-03,Thriller/Suspense,PG-13,52784696,73793522
Shanghai Knights,7-Feb-03,Adventure,PG-13,60470220,84537962
The Jungle Book 2,14-Feb-03,Adventure,G,47901582,66966883
Bringing Down the House,7-Mar-03,Comedy,PG-13,132675402,185481530
Piglet's Big Movie,21-Mar-03,Comedy,G,23103423,32298812
Ghosts of the Abyss,11-Apr-03,Documentary,G,17093668,23803108
Holes,18-Apr-03,Drama,PG,67383924,94203395
The Lizzie McGuire Movie,2-May-03,Comedy,PG,42734455,59743191
Finding Nemo,30-May-03,Adventure,G,380529370,518148559
Pirates of the Caribbean: The Curse o…,9-Jul-03,Adventure,PG-13,305411224,426967926
Freaky Friday,6-Aug-03,Comedy,PG,110222438,154090360
Open Range,15-Aug-03,Western,R,58331254,81547672
Cold Creek Manor,19-Sep-03,Thriller/Suspense,R,21384035,29895090
Under the Tuscan Sun,26-Sep-03,Comedy,PG-13,43601508,60944053
Veronica Guerin,17-Oct-03,Drama,R,1569918,2194759
Brother Bear,24-Oct-03,Adventure,G,85336277,119218333
The Haunted Mansion,26-Nov-03,Comedy,PG,75817994,105775678
Calendar Girls,19-Dec-03,Comedy,PG-13,31011616,42379650
Young Black Stallion,25-Dec-03,Adventure,G,6751389,9254344
Teacher's Pet: The Movie,16-Jan-04,Comedy,PG,6491969,8812764
Miracle,6-Feb-04,Drama,PG,64378093,87392478
Confessions of a Teenage Drama Queen,20-Feb-04,Comedy,PG,29331068,39816568
Hidalgo,5-Mar-04,Western,PG-13,67286731,91340921
The Ladykillers,26-Mar-04,Comedy,R,39692139,53881593
Home on the Range,2-Apr-04,Comedy,PG,50026353,67910166
The Alamo,9-Apr-04,Western,PG-13,22406362,30416359
Raising Helen,28-May-04,Comedy,PG-13,37485528,50886144
Around the World in 80 Days,16-Jun-04,Adventure,PG,24004159,32585356
America's Heart and Soul,2-Jul-04,Documentary,Not Rated,314000,426246
King Arthur,7-Jul-04,Adventure,PG-13,51877963,70423706
The Village,30-Jul-04,Thriller/Suspense,PG-13,114197520,155021748
The Princess Diaries 2: Royal Engagement,11-Aug-04,Romantic Comedy,G,95149435,129164207
Mr. 3000,17-Sep-04,Comedy,PG-13,21800302,29593641
The Last Shot,24-Sep-04,Comedy,R,463730,629502
Ladder 49,1-Oct-04,Action,PG-13,74541707,101161045
The Incredibles,5-Nov-04,Adventure,PG,261441092,354488708
National Treasure,19-Nov-04,Adventure,PG,173005002,234069353
The Life Aquatic with Steve Zissou,10-Dec-04,Comedy,R,24006726,32198655
Aliens of the Deep,28-Jan-05,Documentary,G,8968684,11740942
Pooh's Heffalump Movie,11-Feb-05,Adventure,G,18098433,23801835
The Pacifier,4-Mar-05,Comedy,PG,113006880,148619029
Ice Princess,18-Mar-05,Comedy,G,24381334,32064685
A Lot Like Love,22-Apr-05,Comedy,PG-13,21835784,28716947
The Hitchhiker's Guide to the Galaxy,29-Apr-05,Comedy,PG,51019112,67096891
Hauru no ugoku shiro,10-Jun-05,Adventure,PG,4710455,6194870
Herbie: Fully Loaded,22-Jun-05,Comedy,G,66010682,86812798
Dark Water,8-Jul-05,Thriller/Suspense,PG-13,25473093,33500491
Sky High,29-Jul-05,Adventure,PG,63939454,84088854
Valiant,19-Aug-05,Adventure,G,19478106,25616292
Flightplan,23-Sep-05,Thriller/Suspense,PG-13,89706988,117960425
The Greatest Game Ever Played,30-Sep-05,Drama,PG,15331289,20162672
Shopgirl,21-Oct-05,Drama,R,10284523,13519621
Chicken Little,4-Nov-05,Adventure,G,135386665,177954661
"The Chronicles of Narnia: The Lion, t…",9-Dec-05,Adventure,PG,291710957,381557539
Casanova,25-Dec-05,Drama,R,11304403,14574087
Glory Road,13-Jan-06,Drama,PG,42647449,54888236
Annapolis,27-Jan-06,Drama,PG-13,17127992,22044113
Roving Mars,27-Jan-06,Documentary,G,10407978,12948025
Eight Below,17-Feb-06,Adventure,PG,81612565,105037235
The Shaggy Dog,10-Mar-06,Comedy,PG,61123569,78667428
Stay Alive,24-Mar-06,Horror,PG-13,23086480,29712825
The Wild,14-Apr-06,Adventure,G,37384046,48114115
Stick It,28-Apr-06,Comedy,PG-13,26910736,34634731
Goal! The Dream Begins,12-May-06,Drama,PG,4283255,5512647
Cars,9-Jun-06,Comedy,G,244082982,314140384
Pirates of the Caribbean: Dead Man’…,7-Jul-06,Adventure,PG-13,423315812,544817142
Step Up,11-Aug-06,Drama,PG-13,65328121,84078780
Invincible,25-Aug-06,Drama,PG,57806952,74398864
The Guardian,29-Sep-06,Action,PG-13,55011732,70801353
The Prestige,20-Oct-06,Thriller/Suspense,PG-13,53089891,68289913
Tim Burton's The Nightmare Before Chr…,20-Oct-06,Musical,PG,24732041,30737517
The Santa Clause 3: The Escape Clause,3-Nov-06,Comedy,G,84500122,108694869
Déjà Vu,22-Nov-06,Thriller/Suspense,PG-13,64038616,82267038
Apocalypto,8-Dec-06,Adventure,R,50866635,64959548
Primeval,12-Jan-07,Adventure,R,10597734,12985302
Bridge to Terabithia,16-Feb-07,Drama,PG,82234139,100760721
Wild Hogs,2-Mar-07,Comedy,PG-13,168213584,206110533
Meet the Robinsons,30-Mar-07,Adventure,G,97822171,119860589
The Lookout,30-Mar-07,Drama,R,4600585,5637048
The Hoax,6-Apr-07,Drama,R,7164995,8779196
The Invisible,27-Apr-07,Thriller/Suspense,PG-13,20568319,25202168
Pirates of the Caribbean: At World’…,24-May-07,Adventure,PG-13,309420425,379129960
Ratatouille,29-Jun-07,Comedy,G,206445654,252955933
Underdog,3-Aug-07,Adventure,PG,43760605,53619462
The Game Plan,22-Sep-07,Comedy,PG,90648202,111010758
Dan in Real Life,20-Oct-07,Romantic Comedy,PG-13,47642963,58350234
Enchanted,21-Nov-07,Romantic Comedy,PG,127706877,156074310
National Treasure 2: Book of Secrets,21-Dec-07,Adventure,PG,219961501,267003525
Hannah Montana/Miley Cyrus: Best of B…,1-Feb-08,Concert/Performance,G,65281781,76646993
Step Up 2 the Streets,14-Feb-08,Drama,PG-13,58017783,68118371
College Road Trip,7-Mar-08,Comedy,G,45610425,53550960
The Chronicles of Narnia: Prince Caspian,16-May-08,Adventure,PG,141621490,166277038
WALL-E,27-Jun-08,Adventure,G,223808164,262771918
Swing Vote,1-Aug-08,Comedy,PG-13,16289867,19125841
Goal! 2: Living the Dream...,29-Aug-08,Drama,PG-13,225067,264247
Miracle at St. Anna,26-Sep-08,Drama,R,7916887,9295171
Beverly Hills Chihuahua,3-Oct-08,Comedy,PG,94514402,110932022
Morning Light,17-Oct-08,Documentary,PG,275093,322979
High School Musical 3: Senior Year,24-Oct-08,Musical,G,90559416,106308538
Bolt,21-Nov-08,Comedy,PG,114053759,133702498
Bedtime Stories,25-Dec-08,Comedy,PG,110101975,128039679
Confessions of a Shopaholic,13-Feb-09,Romantic Comedy,PG,44277350,49767744
Jonas Brothers: The 3D Concert Experi…,27-Feb-09,Concert/Performance,G,38174685,38174685
Race to Witch Mountain,13-Mar-09,Adventure,PG,67172594,75501997
Hannah Montana the Movie,10-Apr-09,Drama,G,79576189,89443640
Earth,22-Apr-09,Documentary,G,32011576,35981010
Up,29-May-09,Adventure,PG,293004164,329336681
The Proposal,19-Jun-09,Romantic Comedy,PG-13,163958031,184288829
G-Force,24-Jul-09,Adventure,PG,119436770,134246932
Gake no ue no Ponyo,14-Aug-09,Adventure,G,15090399,16961607
X Games 3D: The Movie,21-Aug-09,Documentary,PG,1391434,1563976
Walt and El Grupo,10-Sep-09,Documentary,PG,20521,23064
Surrogates,25-Sep-09,Action,PG-13,38577772,43361416
Toy Story 3D Double Feature,2-Oct-09,Adventure,G,30702446,34509545
Disney's A Christmas Carol,6-Nov-09,Drama,PG,137855863,154927105
The Princess and the Frog,25-Nov-09,Adventure,G,104400899,116316457
Old Dogs,25-Nov-09,Comedy,PG,49492060,55503929
When in Rome,29-Jan-10,Romantic Comedy,PG-13,32680633,34917330
Alice in Wonderland,5-Mar-10,Adventure,PG,334191110,357063499
Waking Sleeping Beauty,26-Mar-10,Documentary,PG,80741,86264
The Last Song,31-Mar-10,Drama,PG,62950384,67258772
Oceans,22-Apr-10,Documentary,G,19422319,20751600
Prince of Persia: Sands of Time,28-May-10,Action,PG-13,90759676,96971361
Toy Story 3,18-Jun-10,Adventure,G,415004880,443408255
The Sorcerer's Apprentice,14-Jul-10,Adventure,PG,63150991,67473105
Step Up 3D,6-Aug-10,Drama,PG-13,42400223,45302137
Gedo Senki (Tales from Earthsea),13-Aug-10,Adventure,PG-13,48658,51988
You Again,24-Sep-10,Comedy,PG,25702053,27461121
Secretariat,8-Oct-10,Drama,PG,59699513,63781920
Tangled,24-Nov-10,Adventure,PG,200821936,214388548
Tron: Legacy,17-Dec-10,Adventure,PG,172062763,183619259
Gnomeo and Juliet,11-Feb-11,Comedy,G,99967670,106270797
I am Number Four,18-Feb-11,Adventure,PG-13,55100437,58574607
Mars Needs Moms,11-Mar-11,Adventure,PG,21392758,22741603
African Cats,22-Apr-11,Documentary,G,15428747,16401551
Zokkomon,22-Apr-11,Adventure,PG,2815,2984
Prom,29-Apr-11,Comedy,PG,10130219,10768946
Pirates of the Caribbean: On Stranger…,20-May-11,Adventure,PG-13,241063875,256263359
Cars 2,24-Jun-11,Adventure,G,191450875,203522177
Winnie the Pooh,15-Jul-11,Adventure,G,26692846,28375869
The Help,10-Aug-11,Drama,PG-13,169705587,180404976
Fright Night,19-Aug-11,Horror,R,18298649,19452402
Real Steel,7-Oct-11,Action,PG-13,85463309,90848019
The Muppets,23-Nov-11,Comedy,PG,88625922,94189503
War Horse,25-Dec-11,Drama,PG-13,79883359,84762149
The Secret World of Arietty,17-Feb-12,Adventure,G,19192510,20325733
John Carter,9-Mar-12,Adventure,PG-13,73058679,77372445
Chimpanzee,20-Apr-12,Documentary,G,28965459,30675725
The Avengers,4-May-12,Action,PG-13,623279547,660081224
Brave,22-Jun-12,Adventure,PG,237282182,251292441
People Like Us,29-Jun-12,Drama,PG-13,12431792,13165822
The Odd Life of Timothy Green,15-Aug-12,Drama,PG,51853450,54914942
Frankenweenie,5-Oct-12,Comedy,PG,35287788,37363513
Wreck-It Ralph,2-Nov-12,Adventure,PG,189412677,200354959
Lincoln,9-Nov-12,Drama,PG-13,182207973,192122330
Oz the Great and Powerful,8-Mar-13,Adventure,PG,234770996,243434130
Iron Man 3,3-May-13,Action,PG-13,408992272,424084233
Monsters University,21-Jun-13,Adventure,G,268488329,278395641
The Lone Ranger,2-Jul-13,Western,PG-13,89302115,92597388
Disney Planes,9-Aug-13,Comedy,PG,90282580,93614037
The Fifth Estate,18-Oct-13,Drama,R,3254172,3374251
Thor: The Dark World,8-Nov-13,Adventure,PG-13,206362140,213962184
Kaze Tachinu,8-Nov-13,Drama,PG-13,5201879,5367415
Frozen,22-Nov-13,Adventure,PG,400738009,414997174
Delivery Man,22-Nov-13,Comedy,PG-13,30659817,31787136
Saving Mr. Banks,13-Dec-13,Drama,PG-13,83299761,86249969
Need for Speed,14-Mar-14,Action,PG-13,43568507,44955015
Muppets Most Wanted,21-Mar-14,Comedy,PG,51178893,52807594
Captain America: The Winter Soldier,4-Apr-14,Action,PG-13,259746958,268013076
Bears,18-Apr-14,Documentary,G,17780194,18346024
Million Dollar Arm,10-May-14,Drama,PG,36447959,37607865
Maleficent,30-May-14,Adventure,PG,241407328,249089809
Planes: Fire and Rescue,18-Jul-14,Adventure,PG,59157732,61040349
Guardians of the Galaxy,1-Aug-14,Adventure,PG-13,333172112,343771168
The Hundred-Foot Journey,8-Aug-14,Romantic Comedy,PG,54235441,55961409
"Alexander and the Terrible, Horrible,…",10-Oct-14,Comedy,PG,66954149,69055550
Big Hero 6,7-Nov-14,Adventure,PG,222527828,229249222
Into the Woods,25-Dec-14,Musical,PG,128002372,130894237
Strange Magic,23-Jan-15,Adventure,PG,12429583,12429583
"McFarland, USA",20-Feb-15,Drama,PG,44480275,44480275
Cinderella,13-Mar-15,Drama,PG,201151353,201151353
Monkey Kingdom,17-Apr-15,Documentary,G,16432322,16432322
Avengers: Age of Ultron,1-May-15,Action,PG-13,459005868,459005868
Tomorrowland,22-May-15,Adventure,PG,93436322,93436322
Inside Out,19-Jun-15,Adventure,PG,356461711,356461711
Ant-Man,17-Jul-15,Action,PG-13,180202163,180202163
Bridge of Spies,16-Oct-15,Thriller/Suspense,PG-13,72313754,72313754
The Good Dinosaur,25-Nov-15,Adventure,PG,123087120,123087120
Star Wars Ep. VII: The Force Awakens,18-Dec-15,Adventure,PG-13,936662225,936662225
The Finest Hours,29-Jan-16,Thriller/Suspense,PG,27569558,27569558
Zootopia,4-Mar-16,Adventure,PG,341268248,341268248
The Jungle Book,15-Apr-16,Adventure,PG,364001123,364001123
A Beautiful Planet,29-Apr-16,Documentary,G,7895708,7895708
Captain America: Civil War,6-May-16,Action,PG-13,408084349,408084349
Alice Through the Looking Glass,27-May-16,Adventure,PG,77042381,77042381
Finding Dory,17-Jun-16,Adventure,PG,486295561,486295561
The BFG,1-Jul-16,Adventure,PG,55483770,55483770
Pete’s Dragon,12-Aug-16,Adventure,PG,76233151,76233151
The Light Between Oceans,2-Sep-16,Drama,PG-13,12545979,12545979
Queen of Katwe,23-Sep-16,Drama,PG,8874389,8874389
Doctor Strange,4-Nov-16,Adventure,PG-13,232532923,232532923
Moana,23-Nov-16,Adventure,PG,246082029,246082029
Rogue One: A Star Wars Story,16-Dec-16,Adventure,PG-13,529483936,529483936