﻿movie_title,release_date,hero,villain,song
Snow White and the Seven Dwarfs,12/21/37,Snow White,Evil Queen,Some Day My Prince Will Come
Pinocchio,2/7/40,Pinocchio,Stromboli,When You Wish upon a Star
Fantasia,11/13/40,,Chernabog,
Dumbo,10/23/41,Dumbo,Ringmaster,Baby Mine
Bambi,8/13/42,Bambi,Hunter,Love Is a Song
Saludos Amigos,2/6/43,Donald Duck,,Saludos Amigos
The Three Caballeros,2/3/45,Donald Duck,,
Make Mine Music,4/20/46,,,
Fun and Fancy Free,9/27/47,Mickey Mouse,Willie the Giant,
Melody Time,5/27/48,,,Little Toot
The Adventures of Ichabod and Mr. Toad,10/5/49,Mr. Toad and Ichabod Crane,Mr. Winkie and The Headless Horseman,The Merrily Song
Cinderella,2/15/50,Cinderella,Lady Tremaine,Bibbidi-Bobbidi-Boo
Alice in Wonderland,7/28/51,Alice,Queen of Hearts,The Unbirthday Song
Peter Pan,2/5/53,Peter Pan,Captain Hook,You Can Fly!
Lady and the Tramp,6/22/55,Lady and Tramp,Si and Am,Bella Notte
Sleeping Beauty,1/29/59,Aurora,Maleficent,Once Upon a Dream
One Hundred and One Dalmatians,1/25/61,Pongo,Cruella de Vil,Cruella De Vil
The Sword in the Stone,12/25/63,Arthur,Madam Mim,Higitus Figitus
The Jungle Book,10/18/67,Mowgli,Kaa and Shere Khan,The Bare Necessities
The Aristocats,12/24/70,Thomas and Duchess,Edgar Balthazar,Ev'rybody Wants to Be a Cat
Robin Hood,11/8/73,Robin Hood,Prince John,Oo De Lally
The Many Adventures of Winnie the Pooh,3/11/77,Winnie the Pooh,,Winnie the Pooh
The Rescuers,6/22/77,Bernard and Miss Bianca,Madame Medusa,The Journey
The Fox and the Hound,7/10/81,Tod and Copper,Amos Slade,Best of Friends
The Black Cauldron,7/24/85,Taran,Horned King,
The Great Mouse Detective,7/2/86,Basil,Professor Ratigan,The World's Greatest Criminal Mind
Oliver & Company,11/18/88,Oliver,Sykes,Once Upon a Time in New York City
The Little Mermaid,11/17/89,Ariel,Ursula,Under the Sea
The Rescuers Down Under,11/16/90,Bernard and Miss Bianca,Percival C. McLeach,
Beauty and the Beast,11/22/91,Belle,Gaston,Be Our Guest
Aladdin,11/25/92,Aladdin,Jafar,A Whole New World
The Lion King,6/24/94,Simba,Scar,Circle of Life
Pocahontas,6/23/95,Pocahontas,Governor Ratcliffe,Colors of the Wind
The Hunchback of Notre Dame,6/21/96,Quasimodo,Claude Frollo,God Help the Outcasts
Hercules,6/27/97,Hercules,Hades,Go the Distance
Mulan,6/19/98,Mulan,Shan Yu,I'll Make a Man Out of You
Tarzan,6/18/99,Tarzan,Clayton,You'll Be in My Heart
Fantasia 2000,12/17/99,,,
Dinosaur,5/19/00,Aladar,Kron,
The Emperor's New Groove,12/15/00,Kuzco,Yzma,My Funny Friend and Me
Atlantis: The Lost Empire,6/15/01,Milo Thatch,Commander Rourke,Where the Dream Takes You
Lilo & Stitch,6/21/02,Lilo and Stitch,,He Mele No Lilo
Treasure Planet,11/27/02,Jim Hawkins,John Silver,I'm Still Here
Brother Bear,11/1/03,Kenai,Denahi,Look Through My Eyes
Home on the Range,4/2/04,Maggie,Alameda Slim,
Chicken Little,11/4/05,Ace Cluck,Foxy Loxy,
Meet the Robinsons,3/30/07,Lewis,Doris,Little Wonders
Bolt,11/21/08,Bolt,Dr. Calico,I Thought I Lost You
The Princess and the Frog,12/11/09,Tiana,Dr. Facilier,Almost There
Tangled,11/24/10,Rapunzel,Mother Gothel,I See the Light
Winnie the Pooh,7/15/11,Winnie the Pooh,,Winnie the Pooh
Wreck-It Ralph,11/2/12,Ralph,Turbo,Sugar Rush
Frozen,11/27/13,Elsa,Prince Hans,Let It Go
Big Hero 6,11/7/14,Hiro Hamada,Professor Callaghan,Immortals
Zootopia,3/4/16,Judy Hopps,,Try Everything
Moana,11/23/16,Moana,,How Far I'll Go